<?xml version="1.0" encoding="UTF-8" standalone="no"?>
<!DOCTYPE QMRF PUBLIC "http://qmrf.sourceforge.net/qmrf.dtd" "qmrf.dtd">
<QMRF author="Joint Research Centre, European Commission" contact="Joint Research Centre, European Commission" date="May 2012" email="JRC-IHCP-COMPUTOX@ec.europa.eu" name="(Q)SAR Model Reporting Format" schema_version="1.0" url="http://ihcp.jrc.ec.europa.eu/" version="1.3">
<QMRF_chapters>
<QSAR_identifier chapter="1" help="" name="QSAR identifier">
<QSAR_title chapter="1.1" help="" name="QSAR identifier (title)">&lt;html&gt;&#13;
  &lt;head&gt;&#13;
    &#13;
  &lt;/head&gt;&#13;
  &lt;body&gt;&#13;
    &lt;span&gt;&lt;font color="#000000"&gt;OPERA-model for Octanol-water partition &#13;
    coefficient &lt;/font&gt;&lt;/span&gt;&#13;
  &lt;/body&gt;&#13;
&lt;/html&gt;</QSAR_title>
<QSAR_models chapter="1.2" help="" name="Other related models">&lt;html&gt;&#13;
  &lt;head&gt;&#13;
    &#13;
  &lt;/head&gt;&#13;
  &lt;body&gt;&#13;
    &lt;p style="margin-top: 0"&gt;&#13;
      No related models&#13;
    &lt;/p&gt;&#13;
  &lt;/body&gt;&#13;
&lt;/html&gt;</QSAR_models>
<QSAR_software chapter="1.3" help="" name="Software coding the model">
			
      










































































<software_ref idref="firstsoftware"/>
<software_ref idref="software_catalog_4"/>
<software_ref idref="software_catalog_5"/>
</QSAR_software>
</QSAR_identifier>
<QSAR_General_information chapter="2" help="" name="General information">
<qmrf_date chapter="2.1" help="" name="Date of QMRF">&lt;html&gt;&#13;
  &lt;head&gt;&#13;
    &#13;
  &lt;/head&gt;&#13;
  &lt;body&gt;&#13;
    &lt;p&gt;&#13;
      1 November 2016&#13;
    &lt;/p&gt;&#13;
  &lt;/body&gt;&#13;
&lt;/html&gt;</qmrf_date>
<qmrf_authors chapter="2.2" help="" name="QMRF author(s) and contact details">
		
      
















































<author_ref idref="firstauthor"/>
<author_ref idref="authors_catalog_3"/>
</qmrf_authors>
<qmrf_date_revision chapter="2.3" help="" name="Date of QMRF update(s)">&lt;html&gt;&#13;
  &lt;head&gt;&#13;
&#13;
  &lt;/head&gt;&#13;
  &lt;body&gt;&#13;
    &lt;p style="margin-top: 0"&gt;&#13;
      &#13;
    &lt;/p&gt;&#13;
  &lt;/body&gt;&#13;
&lt;/html&gt;</qmrf_date_revision>
<qmrf_revision chapter="2.4" help="" name="QMRF update(s)"/>
<model_authors chapter="2.5" help="" name="Model developer(s) and contact details">
		
      
























<author_ref idref="modelauthor"/>
</model_authors>
<model_date chapter="2.6" help="" name="Date of model development and/or publication">&lt;html&gt;&#13;
  &lt;head&gt;&#13;
    &#13;
  &lt;/head&gt;&#13;
  &lt;body&gt;&#13;
    &lt;p style="margin-top: 0"&gt;&#13;
      2016&#13;
    &lt;/p&gt;&#13;
  &lt;/body&gt;&#13;
&lt;/html&gt;</model_date>
<references chapter="2.7" help="" name="Reference(s) to main scientific papers and/or software package">

      









































































































































<publication_ref idref="publications_catalog_2"/>
<publication_ref idref="publications_catalog_3"/>
<publication_ref idref="publications_catalog_4"/>
<publication_ref idref="publications_catalog_5"/>
<publication_ref idref="publications_catalog_24"/>
<publication_ref idref="publications_catalog_25"/>
<publication_ref idref="publications_catalog_26"/>
<publication_ref idref="publications_catalog_27"/>
</references>
<info_availability chapter="2.8" help="" name="Availability of information about the model">&lt;html&gt;
  &lt;head&gt;
    
  &lt;/head&gt;
  &lt;body&gt;
    &lt;p&gt;
      &lt;font&gt;Non-proprietary suite of QSAR models freely available as a command 
      line standalone application (OPERA: OPEn saR App) from github under MIT 
      license: https://github.com/kmansouri/OPERA.git. Its predictions for the 
      full DSSTox 720k chemicals are published on the EPA CompTox Chemistry 
      Dashboard ( &lt;span&gt;https://comptox.epa.gov/dashboard&lt;/span&gt;). Training 
      and validation sets are available for visualization on the dashboard and 
      as SDF files provided in supporting information Section 9.3 and from the 
      paper &lt;span&gt;[ref 1-2, Section 2.7]&lt;/span&gt;. ( &lt;span&gt;ftp://newftp.epa.gov/COMPTOX/Sustainable_Chemistry_Data/Chemistry_Dashboard/PHYSPROP_Analysis)&lt;/span&gt;&lt;/font&gt;
    &lt;/p&gt;
  &lt;/body&gt;
&lt;/html&gt;</info_availability>
<related_models chapter="2.9" help="" name="Availability of another QMRF for exactly the same model">&lt;html&gt;&#13;
  &lt;head&gt;&#13;
    &#13;
  &lt;/head&gt;&#13;
  &lt;body&gt;&#13;
    &lt;p style="margin-top: 0"&gt;&#13;
      Not to date&#13;
    &lt;/p&gt;&#13;
  &lt;/body&gt;&#13;
&lt;/html&gt;</related_models>
</QSAR_General_information>
<QSAR_Endpoint chapter="3" help="" name="Defining the endpoint - OECD Principle 1">
<model_species chapter="3.1" help="" name="Species">&lt;html&gt;&#13;
  &lt;head&gt;&#13;
&#13;
  &lt;/head&gt;&#13;
  &lt;body&gt;&#13;
    &lt;p style="margin-top: 0"&gt;&#13;
      Not applicable&#13;
    &lt;/p&gt;&#13;
  &lt;/body&gt;&#13;
&lt;/html&gt;</model_species>
<model_endpoint chapter="3.2" help="" name="Endpoint">

      
























<endpoint_ref idref="endpoints_catalog_2"/>
</model_endpoint>
<endpoint_comments chapter="3.3" help="" name="Comment on endpoint">&lt;html&gt;
  &lt;head&gt;
    
  &lt;/head&gt;
  &lt;body&gt;
    &lt;span&gt;The logarithm of the ratio of the concentrations of a solute between 
    the two solvents: octanol and water. LogP value is a measure of molecular 
    lipophilicity or hydrophobicity. Lipophilicity affects drug absorption, 
    bioavailability, hydrophobic drug-receptor interactions, metabolism of 
    molecules, toxicity as well as environmental fate of chemicals.&lt;/span&gt;
  &lt;/body&gt;
&lt;/html&gt;</endpoint_comments>
<endpoint_units chapter="3.4" help="" name="Endpoint units">&lt;html&gt;&#13;
  &lt;head&gt;&#13;
    &#13;
  &lt;/head&gt;&#13;
  &lt;body&gt;&#13;
    &lt;p style="margin-top: 0"&gt;&#13;
      Unitless ratio of concentrations.&#13;
    &lt;/p&gt;&#13;
  &lt;/body&gt;&#13;
&lt;/html&gt;</endpoint_units>
<endpoint_variable chapter="3.5" help="" name="Dependent variable">&lt;html&gt;&#13;
  &lt;head&gt;&#13;
&#13;
  &lt;/head&gt;&#13;
  &lt;body&gt;&#13;
    &lt;p style="margin-top: 0"&gt;&#13;
      LogP&#13;
    &lt;/p&gt;&#13;
  &lt;/body&gt;&#13;
&lt;/html&gt;</endpoint_variable>
<endpoint_protocol chapter="3.6" help="" name="Experimental protocol">&lt;html&gt;
  &lt;head&gt;
    
  &lt;/head&gt;
  &lt;body&gt;
    &lt;span&gt;&lt;font color="#000000"&gt;P =&amp;#160;Concentration in octanol phase / 
    Concentration in aqueous phase. &lt;/font&gt;&lt;/span&gt;
&lt;span&gt;&lt;font&gt;The experimental data were downloaded from the EPI Suite data 
    webpage (&lt;/font&gt;&lt;/span&gt;&lt;font&gt;http://esc.syrres.com/interkow/EpiSuiteData.htm). 
    These data are from &lt;span&gt;PHYSPROP &lt;/span&gt;(The Physical Properties 
    Database) which is a collection of a wide variety of sources built by 
    Syracuse Research Corporation (SRC). Experimental protocols of the 
    different parts of data can be traced back to the original referenced 
    literature from the database.&lt;/font&gt;
  &lt;/body&gt;
&lt;/html&gt;</endpoint_protocol>
<endpoint_data_quality chapter="3.7" help="" name="Endpoint data quality and variability">&lt;html&gt;&#13;
  &lt;head&gt;&#13;
    &#13;
  &lt;/head&gt;&#13;
  &lt;body&gt;&#13;
    &lt;p style="margin-top: 0"&gt;&#13;
      &lt;font color="#000000"&gt;The original data collected from the PHYSPROP &#13;
      database (15809 chemicals) have undergone a series of processes to &#13;
      curate the chemical structures and remove duplicates, obvious outliers &#13;
      and erroneous entries. Only good quality data with high consistency &#13;
      (14544 chemicals) was used for the development of the QSAR model. &lt;/font&gt;&#13;
    &lt;/p&gt;&#13;
    &lt;p style="margin-top: 0"&gt;&#13;
      &lt;font color="#000000"&gt;Then, QSAR-ready structures were generated by &#13;
      standardizing all chemical structures and removing inorganic and &#13;
      metallo-organic chemicals (14208 chemicals). The descriptions of KNIME &#13;
      workflows that were developed for the purpose of the cleaning and &#13;
      standardization of the data are available in the papers [ref 1 and ref 4 &#13;
      Section 2.7]. &lt;/font&gt;&#13;
    &lt;/p&gt;&#13;
    &lt;p style="margin-top: 0"&gt;&#13;
      &lt;font color="#000000"&gt;The curated outlier-free experimental data (14041 &#13;
      chemicals) was divided into training and validation sets before the &#13;
      machine learning and modeling steps.&lt;/font&gt;&#13;
    &lt;/p&gt;&#13;
  &lt;/body&gt;&#13;
&lt;/html&gt;</endpoint_data_quality>
</QSAR_Endpoint>
<QSAR_Algorithm chapter="4" help="" name="Defining the algorithm - OECD Principle 2">
<algorithm_type chapter="4.1" help="" name="Type of model">&lt;html&gt;&#13;
  &lt;head&gt;&#13;
    &#13;
  &lt;/head&gt;&#13;
  &lt;body&gt;&#13;
    &lt;p&gt;&#13;
      &lt;font&gt;QSAR/QSPR model derived derived from weighted nearest neighbors &#13;
      algorithm (kNN) based on PaDEL descriptors [ref2 Sect 1.3].&lt;/font&gt;&#13;
    &lt;/p&gt;&#13;
  &lt;/body&gt;&#13;
&lt;/html&gt;</algorithm_type>
<algorithm_explicit chapter="4.2" help="" name="Explicit algorithm">
<algorithm_ref idref="algorithms_catalog_1"/>
<equation>&lt;html&gt;&#13;
  &lt;head&gt;&#13;
&#13;
  &lt;/head&gt;&#13;
  &lt;body&gt;&#13;
    &lt;p style="margin-top: 0"&gt;&#13;
      &#13;
    &lt;/p&gt;&#13;
  &lt;/body&gt;&#13;
&lt;/html&gt;</equation>
</algorithm_explicit>
<algorithms_descriptors chapter="4.3" help="" name="Descriptors in the model">


































































































































































<descriptor_ref idref="descriptors_catalog_1"/>
<descriptor_ref idref="descriptors_catalog_2"/>
<descriptor_ref idref="descriptors_catalog_3"/>
<descriptor_ref idref="descriptors_catalog_4"/>
<descriptor_ref idref="descriptors_catalog_5"/>
<descriptor_ref idref="descriptors_catalog_6"/>
<descriptor_ref idref="descriptors_catalog_8"/>
<descriptor_ref idref="descriptors_catalog_9"/>
<descriptor_ref idref="descriptors_catalog_10"/>
</algorithms_descriptors>
<descriptors_selection chapter="4.4" help="" name="Descriptor selection">&lt;html&gt;&#13;
  &lt;head&gt;&#13;
    &lt;font color="#000000"&gt;&#13;
&lt;/font&gt;  &lt;/head&gt;&#13;
  &lt;body&gt;&#13;
    &lt;p style="margin-top: 0"&gt;&#13;
      &lt;font color="#000000"&gt;PaDEL software was used to calculate 1440 &#13;
      molecular descriptors. A first filter was applied in order to remove &#13;
      descriptors with missing values, constant and near constant (standard &#13;
      deviation of 0.25 as a threshold) and highly correlated descriptors (96% &#13;
      as a threshold). The remaining 766 descriptors were used in a feature &#13;
      selection procedure to select a minimum number of variables encoding the &#13;
      most relevant structural information to the modelled endpoint. This step &#13;
      consisted of coupling Genetic Algorithms (GA) with the weighted kNN &#13;
      algorithm and was applied in 5-fold cross-validation on the training set &#13;
      (10531 chemicals). This procedure was run for 200 consecutive &#13;
      independent runs maximizing Q&lt;sup&gt;2&lt;/sup&gt; in cross-validation and &#13;
      minimizing the number of descriptors. The number of k neighbors is &#13;
      optimized within the range of 3 to 7. The descriptors were then ranked &#13;
      based on their frequency of selection during the GA runs. The best model &#13;
      showed an optimal compromise between the simplicity (minimum number of &#13;
      descriptors) and performance (Q&lt;sup&gt;2&lt;/sup&gt; in cross-validation) to &#13;
      ensure transparency and facilitate the mechanistic interpretation as &#13;
      required by OECD principles 2 and 5. More details in paper [ref2 Section &#13;
      2.7].&lt;/font&gt;&#13;
    &lt;/p&gt;&#13;
  &lt;/body&gt;&#13;
&lt;/html&gt;</descriptors_selection>
<descriptors_generation chapter="4.5" help="" name="Algorithm and descriptor generation">&lt;html&gt;&#13;
  &lt;head&gt;&#13;
    &lt;font color="#000000"&gt;&#13;
&lt;/font&gt;  &lt;/head&gt;&#13;
  &lt;body&gt;&#13;
    &lt;p style="margin-top: 0"&gt;&#13;
      &lt;font color="#000000"&gt;PaDEL descriptors were calculated based on &#13;
      two-dimensional (2D) chemical structures generated by the Indigo &#13;
      cheminformatics suite of tools implemented in KNIME. 2D descriptors were &#13;
      selected over 3D to avoid complicated and usually irreproducible &#13;
      geometrical optimizations. The calculated descriptors fall into &#13;
      different groups such as constitutional indices, ring descriptors, &#13;
      topological indices, 2D matrix based descriptors, functional group &#13;
      counts and atom counts. Details and references provided in Section 4.3.&lt;/font&gt;&#13;
    &lt;/p&gt;&#13;
  &lt;/body&gt;&#13;
&lt;/html&gt;</descriptors_generation>
<descriptors_generation_software chapter="4.6" help="" name="Software name and version for descriptor generation" options="">
				
      
























<software_ref idref="software_catalog_2"/>
</descriptors_generation_software>
<descriptors_chemicals_ratio chapter="4.7" help="" name="Chemicals/Descriptors ratio">&lt;html&gt;&#13;
  &lt;head&gt;&#13;
    &#13;
  &lt;/head&gt;&#13;
  &lt;body&gt;&#13;
    &lt;p style="margin-top: 0"&gt;&#13;
      10531 chemicals (trainingset)/9 descriptors= 1170.11&#13;
    &lt;/p&gt;&#13;
  &lt;/body&gt;&#13;
&lt;/html&gt;</descriptors_chemicals_ratio>
</QSAR_Algorithm>
<QSAR_Applicability_domain chapter="5" help="" name="Defining the applicability domain - OECD Principle 3">
<app_domain_description chapter="5.1" help="" name="Description of the applicability domain of the model">&lt;html&gt;&#13;
  &lt;head&gt;&#13;
    &#13;
  &lt;/head&gt;&#13;
  &lt;body&gt;&#13;
    &lt;p style="margin-top: 0"&gt;&#13;
      The model is applicable to heterogeneous organic chemicals. In the&#13;
    &lt;/p&gt;&#13;
    &lt;p style="margin-top: 0"&gt;&#13;
      implementation of the model several pieces of information are given to&#13;
    &lt;/p&gt;&#13;
    &lt;p style="margin-top: 0"&gt;&#13;
      help the user in evaluating the reliability of a prediction. The &#13;
      chemical structure is first assessed to see if it is falling within the&#13;
    &lt;/p&gt;&#13;
    &lt;p style="margin-top: 0"&gt;&#13;
      Applicability Domain of the model or not. Then the accuracy of the &#13;
      predicted value is reported based on the similarity of the query &#13;
      chemical to its neighboring chemicals in the training set of the model.&#13;
    &lt;/p&gt;&#13;
    &lt;p style="margin-top: 0"&gt;&#13;
      This fullfills the requirements of the 3rd OECD principle by d&lt;span&gt;efining &#13;
      the limitations in terms of the types of chemical structures, &#13;
      physicochemical properties and mechanisms of action for which the model &#13;
      can generate reliable predictions.&lt;/span&gt;&#13;
    &lt;/p&gt;&#13;
  &lt;/body&gt;&#13;
&lt;/html&gt;</app_domain_description>
<app_domain_method chapter="5.2" help="" name="Method used to assess the applicability domain">&lt;html&gt;
  &lt;head&gt;
    
  &lt;/head&gt;
  &lt;body&gt;
    &lt;p&gt;
      &lt;font&gt;The applicability domain of the model is assessed in two 
      independent levels using two different distance-based methods. First, a 
      global applicability domain is determined by means of the leverage 
      approach that checks whether the query structure falls within the 
      multidimensional chemical space of the whole training set. &lt;/font&gt;
    &lt;/p&gt;
    &lt;p&gt;
      &lt;font&gt;The leverage of a query chemical is proportional to its 
      Mahalanobis distance measure from the centroid of the training set. The 
      leverages of a given dataset are obtained from the diagonal values of 
      the hat matrix. This approach is associated with a threshold leverage 
      that corresponds to 3*p/n where p is the number of model variables while 
      n is the number of training compounds. A query chemical with leverage 
      higher than the threshold is considered outside the AD and can be 
      associated with unreliable prediction. &lt;/font&gt;
    &lt;/p&gt;
    &lt;p&gt;
      &lt;font&gt;The leverage approach has specific limitations, in particular with 
      respects to gaps within the descriptor space of the model or at the 
      boundaries of the training set. To obviate such limitations, a second 
      tier of applicability domain assessement was added. This comprised a 
      local approach which only investigated the vicinity of the query 
      chemical. This local approach provides a continuous index ranging from 0 
      to 1 which is different from the first approach which only provides 
      Boolean answers (yes/no). This local AD-index is relative to the 
      similarity of the query chemical to its 5 nearest neighbors in the p 
      dimensional space of the model. The higher this index, the more the 
      prediction is likely to be reliable.&lt;/font&gt;
    &lt;/p&gt;
  &lt;/body&gt;
&lt;/html&gt;</app_domain_method>
<app_domain_software chapter="5.3" help="" name="Software name and version for applicability domain assessment">

      
























<software_ref idref="software_catalog_3"/>
</app_domain_software>
<applicability_limits chapter="5.4" help="" name="Limits of applicability">&lt;html&gt;
  &lt;head&gt;
    
  &lt;/head&gt;
  &lt;body&gt;
    &lt;p&gt;
      &lt;font&gt;These two AD methods described in Section 5.2 are complementary 
      and can be interpreted in the following way: &lt;/font&gt;
    &lt;/p&gt;
    &lt;p&gt;
      &lt;font&gt;- If a chemical is considered outside the global AD with a low 
      local AD-index, the prediction can be unreliable &lt;/font&gt;
    &lt;/p&gt;
    &lt;p&gt;
      &lt;font&gt;- If a chemical is considered outside the global AD but the local 
      AD-index is average or relatively high, this means the query chemical is 
      on the boundaries of the training set but has quite similar neighbors. 
      The prediction can be trusted. &lt;/font&gt;
    &lt;/p&gt;
    &lt;p&gt;
      &lt;font&gt;- If a chemical is considered inside the global AD but the local 
      AD-index is average or relatively low, this means the query chemical 
      fell in a &amp;quot;gap&amp;quot; of the chemical space of the model but still within the 
      boudaries of the training set and surrounded with training chemicals. 
      The prediction should be considered with caution. &lt;/font&gt;
    &lt;/p&gt;
    &lt;p&gt;
      &lt;font&gt;- If a chemical is considered inside the global AD with a high 
      local AD-index, the prediction should be considered reliable. &lt;/font&gt;
    &lt;/p&gt;
    &lt;p&gt;
      &lt;font&gt;Even though the applicability domain is necessary to set the 
      limits of the interpolation space of the model, it doesn't necessarily 
      inform about the quality of the prediction especially in the empty 
      spaces and around the edges of the descriptor space. In order to 
      overcome this limitation and help the user decide about the reliability 
      of a prediction, we added a confidence level index ranging from 0 to 1 
      relative to the accuracy of prediction of the 5 nearest neighbors to the 
      query chemical. The higher this index, the more the prediction is likely 
      to be reliable.&lt;/font&gt;
    &lt;/p&gt;
  &lt;/body&gt;
&lt;/html&gt;</applicability_limits>
</QSAR_Applicability_domain>
<QSAR_Robustness chapter="6" help="" name="Internal validation - OECD Principle 4">
<training_set_availability answer="Yes" chapter="6.1" help="" name="Availability of the training set"/>
<training_set_data cas="Yes" chapter="6.2" chemname="Yes" formula="No" help="" inchi="Yes" mol="Yes" name="Available information for the training set" smiles="Yes">Internal ID; CAS checksum; name validity; preferred name; IUPAC name; Original SMILES; QSAR-ready canonical smiles; InChI; Salt information; DSSTox GSID; Experimental reference; Consistency flag</training_set_data>
<training_set_descriptors answer="All" chapter="6.3" help="" name="Data for each descriptor variable for the training set"/>
<dependent_var_availability answer="All" chapter="6.4" help="" name="Data for the dependent variable for the training set"/>
<other_info chapter="6.5" help="" name="Other information about the training set">&lt;html&gt;&#13;
  &lt;head&gt;&#13;
    &#13;
  &lt;/head&gt;&#13;
  &lt;body&gt;&#13;
    &lt;p style="margin-top: 0"&gt;&#13;
      &lt;font color="#000000"&gt;The training set consists of 10537 chemicals. The &#13;
      structures are randomly selected to represent 75% of the available data &#13;
      keeping a similar normal distrubution of LogP vlaues in both training &#13;
      and test sets using the Venetian blinds method. The values are ranging &#13;
      from -5 to 11. A plot of the distribution of LogP values is provided in &#13;
      the supporting information Section 9.3.&lt;/font&gt;&#13;
    &lt;/p&gt;&#13;
  &lt;/body&gt;&#13;
&lt;/html&gt;</other_info>
<preprocessing chapter="6.6" help="" name="Pre-processing of data before modelling">&lt;html&gt;&#13;
  &lt;head&gt;&#13;
&#13;
  &lt;/head&gt;&#13;
  &lt;body&gt;&#13;
    &lt;p style="margin-top: 0"&gt;&#13;
      No preprocessing of the values.&#13;
    &lt;/p&gt;&#13;
  &lt;/body&gt;&#13;
&lt;/html&gt;</preprocessing>
<goodness_of_fit chapter="6.7" help="" name="Statistics for goodness-of-fit">&lt;html&gt;&#13;
  &lt;head&gt;&#13;
    &#13;
  &lt;/head&gt;&#13;
  &lt;body&gt;&#13;
    &lt;p style="margin-top: 0"&gt;&#13;
      Performance in training:&#13;
    &lt;/p&gt;&#13;
    &lt;p style="margin-top: 0"&gt;&#13;
      R&lt;sup&gt;2&lt;/sup&gt;=0.86&#13;
    &lt;/p&gt;&#13;
    &lt;p style="margin-top: 0"&gt;&#13;
      RMSE=0.67&#13;
    &lt;/p&gt;&#13;
  &lt;/body&gt;&#13;
&lt;/html&gt;</goodness_of_fit>
<loo chapter="6.8" help="" name="Robustness - Statistics obtained by leave-one-out cross-validation"/>
<lmo chapter="6.9" help="" name="Robustness - Statistics obtained by leave-many-out cross-validation">&lt;html&gt;&#13;
  &lt;head&gt;&#13;
    &lt;font color="#000000"&gt;&#13;
&lt;/font&gt;  &lt;/head&gt;&#13;
  &lt;body&gt;&#13;
    &lt;p style="margin-top: 0"&gt;&#13;
      &lt;font color="#000000"&gt;Performance in 5-fold cross-validation:&#13;
&lt;/font&gt;    &lt;/p&gt;&#13;
    &lt;p style="margin-top: 0"&gt;&#13;
      &lt;font color="#000000"&gt;Q&lt;sup&gt;2&lt;/sup&gt;=0.85&#13;
&lt;/font&gt;    &lt;/p&gt;&#13;
    &lt;p style="margin-top: 0"&gt;&#13;
      &lt;font color="#000000"&gt;RMSE=0.69&#13;
&lt;/font&gt;    &lt;/p&gt;&#13;
    &lt;p style="margin-top: 0"&gt;&#13;
      &lt;font color="#000000"&gt;A plot of the experimental versus predicted values &#13;
      for the training set is provided in supporting information Section 9.3.&lt;/font&gt;&#13;
    &lt;/p&gt;&#13;
  &lt;/body&gt;&#13;
&lt;/html&gt;</lmo>
<yscrambling chapter="6.10" help="" name="Robustness - Statistics obtained by Y-scrambling"/>
<bootstrap chapter="6.11" help="" name="Robustness - Statistics obtained by bootstrap"/>
<other_statistics chapter="6.12" help="" name="Robustness - Statistics obtained by other methods"/>
</QSAR_Robustness>
<QSAR_Predictivity chapter="7" help="" name="External validation - OECD Principle 4">
<validation_set_availability answer="Yes" chapter="7.1" help="" name="Availability of the external validation set"/>
<validation_set_data cas="Yes" chapter="7.2" chemname="Yes" formula="No" help="" inchi="Yes" mol="Yes" name="Available information for the external validation set" smiles="Yes">Internal ID; CAS checksum; name validity; preferred name; IUPAC name; Original SMILES; QSAR-ready canonical smiles; InChI; Salt information; DSSTox GSID; Experimental reference; Consistency flag</validation_set_data>
<validation_set_descriptors answer="All" chapter="7.3" help="" name="Data for each descriptor variable for the external validation set"/>
<validation_dependent_var_availability answer="All" chapter="7.4" help="" name="Data for the dependent variable for the external validation set"/>
<validation_other_info chapter="7.5" help="" name="Other information about the external validation set">&lt;html&gt;&#13;
  &lt;head&gt;&#13;
    &#13;
  &lt;/head&gt;&#13;
  &lt;body&gt;&#13;
    &lt;p style="margin-top: 0"&gt;&#13;
      The validation set consists of 3513 chemicals.&#13;
    &lt;/p&gt;&#13;
    &lt;p style="margin-top: 0"&gt;&#13;
      The values are ranging from -5 to 11.&#13;
    &lt;/p&gt;&#13;
  &lt;/body&gt;&#13;
&lt;/html&gt;</validation_other_info>
<experimental_design chapter="7.6" help="" name="Experimental design of test set">&lt;html&gt;&#13;
  &lt;head&gt;&#13;
    &lt;font color="#000000"&gt;&#13;
&lt;/font&gt;  &lt;/head&gt;&#13;
  &lt;body&gt;&#13;
    &lt;p style="margin-top: 0"&gt;&#13;
      &lt;font color="#000000"&gt;The structures are randomly selected to represent &#13;
      25% of the available data keeping a similar normal distrubution of LogP &#13;
      vlaues in both training and test sets using the Venetian blinds method. &#13;
      A plot of the distribution of LogP values is provided in the supporting &#13;
      information Section 9.3.&lt;/font&gt;&#13;
    &lt;/p&gt;&#13;
  &lt;/body&gt;&#13;
&lt;/html&gt;</experimental_design>
<validation_predictivity chapter="7.7" help="" name="Predictivity - Statistics obtained by external validation">&lt;html&gt;&#13;
  &lt;head&gt;&#13;
    &#13;
  &lt;/head&gt;&#13;
  &lt;body&gt;&#13;
    &lt;p style="margin-top: 0"&gt;&#13;
      Performance in test:&#13;
    &lt;/p&gt;&#13;
    &lt;p style="margin-top: 0"&gt;&#13;
      R&lt;sup&gt;2&lt;/sup&gt;=0.86&#13;
    &lt;/p&gt;&#13;
    &lt;p style="margin-top: 0"&gt;&#13;
      RMSE=0.79&#13;
    &lt;/p&gt;&#13;
  &lt;/body&gt;&#13;
&lt;/html&gt;</validation_predictivity>
<validation_assessment chapter="7.8" help="" name="Predictivity - Assessment of the external validation set">&lt;html&gt;&#13;
  &lt;head&gt;&#13;
    &lt;font color="#000000"&gt;&#13;
&lt;/font&gt;  &lt;/head&gt;&#13;
  &lt;body&gt;&#13;
    &lt;p style="margin-top: 0"&gt;&#13;
      &lt;font color="#000000"&gt;The validation set consisting of 3510 chemicals &#13;
      which is equivalent to a third (1/3) of the training set is sufficient &#13;
      for the evaluation of the predictivity of the model and a good &#13;
      representation of the chemical space as shown in the multi-dimensional &#13;
      scaling plot provided in supporting information Section 9.3. A plot of &#13;
      the experimental versus predicted values for the validation set is &#13;
      provided in supporting information Section 9.3.&lt;/font&gt;&#13;
    &lt;/p&gt;&#13;
  &lt;/body&gt;&#13;
&lt;/html&gt;</validation_assessment>
<validation_comments chapter="7.9" help="" name="Comments on the external validation of the model">&lt;html&gt;
  &lt;head&gt;
    
  &lt;/head&gt;
  &lt;body&gt;
    &lt;p&gt;
      The choice of proportions between the training set and the validation 
      set as well as the splitting method helped in accurately evaluating the 
      model and covering most of the training set chemical space. This goal 
      was accomplished without the need to do a structural sampling that 
      usually shows over-optimistic evaluation of the predictivity or a 
      complete random selection that risks biasing the evaluation towards a 
      certain region of the chemical space.
    &lt;/p&gt;
  &lt;/body&gt;
&lt;/html&gt;</validation_comments>
</QSAR_Predictivity>
<QSAR_Interpretation chapter="8" help="" name="Providing a mechanistic interpretation - OECD Principle 5">
<mechanistic_basis chapter="8.1" help="" name="Mechanistic basis of the model">&lt;html&gt;&#13;
  &lt;head&gt;&#13;
    &#13;
  &lt;/head&gt;&#13;
  &lt;body&gt;&#13;
    &lt;p style="margin-top: 0"&gt;&#13;
      &lt;font color="#000000"&gt;The model descriptors were selected statistically &#13;
      but they can also be mechanistically interpreted. &lt;/font&gt;&#13;
    &lt;/p&gt;&#13;
    &lt;p style="margin-top: 0"&gt;&#13;
      &lt;span&gt;&lt;font color="#000000"&gt;1) CrippenLogP: This is a list of atom-type &#13;
      based fragments weighted for their contribution to the distribution of &#13;
      the solute between the water and octanol phases. It is designed such &#13;
      that each atom present in the molecule will match one and only one atom &#13;
      type using SMARTS notations [ref 1 Section 4.3]. &lt;/font&gt;&lt;/span&gt;&#13;
    &lt;/p&gt;&#13;
    &lt;p style="margin-top: 0"&gt;&#13;
      &lt;span&gt;&lt;font color="#000000"&gt;2) GATS2c: Geary autocorrelation - lag 2 / &#13;
      weighted by charges. It is known since the early works of Rogers and &#13;
      Cammarata (1969) that solvation by the aqueous phase is &#13;
      charge-controlled, thus the direct link of this charge weighted &#13;
      descriptor to LogP [ref 1 Section 9.3]. &lt;/font&gt;&lt;/span&gt;&#13;
    &lt;/p&gt;&#13;
    &lt;p style="margin-top: 0"&gt;&#13;
      &lt;span&gt;&lt;font color="#000000"&gt;3) LipoaffinityIndex: One of the atom type &#13;
      electrotopological state indices. It is calculated based on the number &#13;
      of lipophilic groups in the molecule that directly contribute to its &#13;
      solvation in the octanol phase. &lt;/font&gt;&lt;/span&gt;&#13;
    &lt;/p&gt;&#13;
    &lt;p style="margin-top: 0"&gt;&#13;
      &lt;span&gt;&lt;font color="#000000"&gt;4) AATS1p: This is the average Broto-Moreau &#13;
      autocorrelation - lag 1 / weighted by polarizabilities. It is well &#13;
      established that solvation in the octanol phase is polarizability &#13;
      controlled [ref 2 Section 9.3]. Rogers and Cammarata in 1969 developed &#13;
      an equation to predict LogP based only on charge density and induced &#13;
      polarization as descriptors [ref 1 Section 9.3]. &lt;/font&gt;&lt;/span&gt;&#13;
    &lt;/p&gt;&#13;
    &lt;span&gt;&lt;font color="#000000"&gt;5) ATSC1i: Centered Broto-Moreau &#13;
    autocorrelation - lag 1 / weighted by first ionization potential. &#13;
    Ionization state is one of the key physicochemical properties associated &#13;
    with hydrophobicity and lipophilicity [ref 3 Section 9.3]. Partitioning of &#13;
    a compound between aqueous and lipid (organic) phases is an equilibrium &#13;
    process. Under normal conditions, when the chemical compound is partly &#13;
    ionized, it is assumed that only the unionized form can be found in the &#13;
    organic phase [ref 4 Section 9.3]. &#13;
6) ETA_EtaP: Composite index Extended Topochemical Atom (ETA) relative to &#13;
    molecular size. &lt;/font&gt;&lt;/span&gt;&lt;font color="#000000"&gt;The importance of &#13;
    molecular size for log P prediction was demonstrated by Bodor and Buchwald &#13;
    (1997) [ref 5&lt;span&gt; Section 9.3&lt;/span&gt;]. It determines the energy that is &#13;
    required by the solute to create a cavity in the solvent and was used in &#13;
    several models including ABSOLV and SLIPPER [ref 6 Section 9.3]. &#13;
7) MLFER_S: Combined dipolarity/polarizability, molecular linear free energy &#13;
    relation. In 1978, Dunn and Wold suggested that the ratio or partitioning &#13;
    between lipophilic and hydrophilic surfaces in general depends on two main &#13;
    factors, one being the molar volume effect and the other is possibly due &#13;
    to solute/solvent dipolar interactions [ref 7 Section 9.3]. About a decade &#13;
    later, Schuurmann suggested that the electronic factors involved in &#13;
    octanol-water partition include general polarity and polarizability &#13;
    interactions in addition to hydrogen bonds, and specific donor-acceptor &#13;
    interactions between solute and solvent [ref 8 Section 9.3]. In their LSER &#13;
    equation, Kamlet et al., used solutes dipolarity/polarizability as one of &#13;
    the main parameters to predict LogP [Ref 9 Section 9.3]. &#13;
8) nN: Number of nitrogen atoms. This is an important parameter since nitrogen &#13;
    atoms are hydrogen bond acceptors which was demonstrated to highly &#13;
    influence solutes partitioning between octanol and water phases since the &#13;
    early works of Hansch in the sixties of the last century [Ref 10 Section &#13;
    9.3]. In 1976, Holmes and Lough proved the effect of intermolecular &#13;
    hydrogen bonding upon partition coefficients in different &#13;
    hydrocarbon-water systems using conjugative effects, and steric effects, &#13;
    developed for calculating long-wavelength U.V. absorption maxima of the &#13;
    conjugated heteroenoid compounds [Ref 11 Section 9.3]. &#13;
9) ETA_Beta: A measure of electronic features of the molecule. &lt;span&gt;Extended &#13;
    topochemical atom ETA indices are a relatively new class of topological &#13;
    descriptors that contain important information regarding the nature of the &#13;
    atoms, bonds, atomic electronic environment and consider the contribution &#13;
    of different functional groups, molecular fragments, and branching that &#13;
    are all contributors, as discussed earlier, to the &lt;/span&gt;lipophilic/hydrophilic &#13;
    partioning [ref 12 Section 9.3].&lt;/font&gt;&#13;
  &lt;/body&gt;&#13;
&lt;/html&gt;</mechanistic_basis>
<mechanistic_basis_comments chapter="8.2" help="" name="A priori or a posteriori mechanistic interpretation">&lt;html&gt;&#13;
  &lt;head&gt;&#13;
    &#13;
  &lt;/head&gt;&#13;
  &lt;body&gt;&#13;
    &lt;p style="margin-top: 0"&gt;&#13;
      A posteriori mechanistic interpretation.&#13;
    &lt;/p&gt;&#13;
  &lt;/body&gt;&#13;
&lt;/html&gt;</mechanistic_basis_comments>
<mechanistic_basis_info chapter="8.3" help="" name="Other information about the mechanistic interpretation">&lt;html&gt;&#13;
  &lt;head&gt;&#13;
    &#13;
  &lt;/head&gt;&#13;
  &lt;body&gt;&#13;
    &lt;p style="margin-top: 0"&gt;&#13;
      &lt;font color="#000000"&gt;For more details and full reference, see &#13;
      references in Section 4.3 and Section 9.2.&lt;/font&gt;&#13;
    &lt;/p&gt;&#13;
  &lt;/body&gt;&#13;
&lt;/html&gt;</mechanistic_basis_info>
</QSAR_Interpretation>
<QSAR_Miscelaneous chapter="9" help="" name="Miscellaneous information">
<comments chapter="9.1" help="" name="Comments">&lt;html&gt;&#13;
  &lt;head&gt;&#13;
    &lt;font color="#000000"&gt;&#13;
&lt;/font&gt;  &lt;/head&gt;&#13;
  &lt;body&gt;&#13;
    &lt;p style="margin-top: 0"&gt;&#13;
      &lt;font color="#000000"&gt;This QSAR model for LogP prediction is part of the &#13;
      NCCT_Models Suite that is a free and open-source standalone application &#13;
      for the prediction of physicochemical properties and environmental fate &#13;
      of chemicals. This application is available in the Supporting &#13;
      information Section 9.3 of this report and in the paper ref 2 Section 2.7. &#13;
      The detailed results of this suite of models applied on more than 700k &#13;
      DSSTox chemicals are available on the iCSS chemistry dashboard (https://comptox.epa.gov/dashboard). &#13;
      This current version of the model is mainly based on curated and &#13;
      standardized data collected from the Physprop database. All NCCT_Models &#13;
      are designed to fulfil the requirement of the 5 OECD principles to &#13;
      ensure transparency and reproducibility of the results. In order to &#13;
      predict new chemicals, the models only require 2D chemical structures &#13;
      that are used to calculate molecular descriptors by PaDEL 2.21 software. &#13;
      Then a simple weighted kNN algorithm is used to make the prediction &#13;
      based on the observed values of the k closest molecules. All models &#13;
      showed high robustness and statistics stability between training, 5-fold &#13;
      cross-validation and the external validation set.&#13;
&lt;/font&gt;    &lt;/p&gt;&#13;
    &lt;p style="margin-top: 0"&gt;&#13;
      &lt;font color="#000000"&gt;Considering the full applicability domain of the 14041 &#13;
      chemicals with available data and the same models parameters described &#13;
      earlier, the calibration statistics would be an R&lt;sup&gt;2&lt;/sup&gt; of 0.87 and &#13;
      an RMSE of 0.64.&lt;/font&gt;&#13;
    &lt;/p&gt;&#13;
  &lt;/body&gt;&#13;
&lt;/html&gt;</comments>
<bibliography chapter="9.2" help="" name="Bibliography">
				
      
































































































































































































































































































<publication_ref idref="publications_catalog_11"/>
<publication_ref idref="publications_catalog_13"/>
<publication_ref idref="publications_catalog_14"/>
<publication_ref idref="publications_catalog_15"/>
<publication_ref idref="publications_catalog_16"/>
<publication_ref idref="publications_catalog_17"/>
<publication_ref idref="publications_catalog_18"/>
<publication_ref idref="publications_catalog_19"/>
<publication_ref idref="publications_catalog_20"/>
<publication_ref idref="publications_catalog_21"/>
<publication_ref idref="publications_catalog_22"/>
<publication_ref idref="publications_catalog_23"/>
</bibliography>
<attachments chapter="9.3" help="" name="Supporting information">
        
        
        
        
        
        
      
























































































































































































































<attachment_training_data>
<molecules description="TR_LogP.sdf" embedded="NO" filetype="sdf" url="file:///\\nassrvr\users\kmansouri\My Documents\Work\OPERA\OPERA_JRC\TR_LogP.sdf"/>
</attachment_training_data>
<attachment_validation_data>
<molecules description="TST_LogP.sdf" embedded="NO" filetype="sdf" url="file:///\\nassrvr\users\kmansouri\My Documents\Work\OPERA\OPERA_JRC\TST_LogP.sdf"/>
</attachment_validation_data>
<attachment_documents>
<document description="LogP.tif" embedded="NO" filetype="tif" url="file:///\\Aa.ad.epa.gov\ord\RTP\Users\K-Q\kmansour\Net MyDocuments\work\OPERA\figs\LogP.tif"/>
<document description="LogP_hist.tif" embedded="NO" filetype="tif" url="file:///\\Aa.ad.epa.gov\ord\RTP\Users\K-Q\kmansour\Net MyDocuments\work\OPERA\figs\LogP_hist.tif"/>
<document description="MDS_3D_LogP.tif" embedded="NO" filetype="tif" url="file:///\\Aa.ad.epa.gov\ord\RTP\Users\K-Q\kmansour\Net MyDocuments\work\OPERA\figs\MDS_3D_LogP.tif"/>
</attachment_documents>
</attachments>
</QSAR_Miscelaneous>
<QMRF_Summary chapter="10" help="" name="Summary (JRC QSAR Model Database)">
<QMRF_number chapter="10.1" help="" name="QMRF number">To be entered by JRC</QMRF_number>
<date_publication chapter="10.2" help="" name="Publication date">To be entered by JRC</date_publication>
<keywords chapter="10.3" help="" name="Keywords">&lt;html&gt;
  &lt;head&gt;
    
  &lt;/head&gt;
  &lt;body&gt;
    &lt;span&gt;LogP, Octanol-water partition coefficient, PaDEL, OPERA&lt;/span&gt;
  &lt;/body&gt;
&lt;/html&gt;</keywords>
<summary_comments chapter="10.4" help="" name="Comments">To be entered by JRC</summary_comments>
</QMRF_Summary>
</QMRF_chapters>
<Catalogs>
<software_catalog>
<software contact="Kamel Mansouri (mansourikamel@gmail.com)" description="OPERA (OPEn (quantitative) structure-activity Relationship Application) is a standalone free and open source command line application. It provides a suite of QSAR models to predict physicochemical properties and environmental fate of organic chemicals based on PaDEL descriptors. It is available for download in Matlab, C and C++ languages from github under MIT license." id="firstsoftware" name="OPERA V1.5" number="" url="https://github.com/kmansouri/OPERA.git"/>
<software contact="Chun Wei Yap (phayapc@nus.edu.sg)" description="An open source software to calculate molecular descriptors and fingerprints." id="software_catalog_2" name="PaDEL-Descriptors V2.21" number="" url="http://padel.nus.edu.sg/software/padeldescriptor"/>
<software contact="Kamel Mansouri (mansourikamel@gmail.com);" description="An implementation of a local similarity index and the leverage approach  based on the work of Sahigara, F.; Mansouri, K.; Ballabio, D.; Mauri, A.; Consonni, V.; Todeschini, R. Comparison of Different Approaches to Define the Applicability Domain of QSAR Models. Molecules 2012, 17, 4791-4810." id="software_catalog_3" name="Implemented in OPERA V1.5" number="" url="https://github.com/kmansouri/OPERA.git"/>
<software contact="Chun Wei Yap (phayapc@nus.edu.sg)" description="Open source software to calculate molecular descriptors and fingerprints." id="software_catalog_4" name="PaDEL descriptors V2.21" number="" url="http://padel.nus.edu.sg/software/padeldescriptor"/>
<software contact="http://www.mathworks.com/company/aboutus/contact_us/?s_tid=gn_cntus" description="MATrix LABoratory is a multi-paradigm numerical computing environment and fourth-generation programming language" id="software_catalog_5" name="MATLAB V8.2" number="" url="http://www.mathworks.com/products/matlab/"/>
</software_catalog>
<algorithms_catalog>
<algorithm definition="Distance weighted k-nearest neighbors (kNN).  k=5" description="This is a refinement of the classical k-NN classification algorithm where the contribution of each of the k neighbors is weighted according to their distance to the query point, giving greater weight to closer neighbors.The used distance is the Euclidean distance. kNN is an unambiguous algorithm that fulfills the transparency requirements of  OECD principle 2 with an optimal compromise between model complexity and performance." id="algorithms_catalog_1" publication_ref=""/>
</algorithms_catalog>
<descriptors_catalog>
<descriptor description="A list of atom-type based fragments weighted for their contribution to LogP. Wildman, S. A., and Crippen, G. M. (1999). Prediction of Physicochemical Parameters by Atomic Contributions. J Chem Inf Comput Sci 39, 868-873." id="descriptors_catalog_1" name="CrippenLogP," publication_ref="" units="Unitless,"/>
<descriptor description="Geary autocorrelation - lag 2 / weighted by charges. Todeschini, R. and Consonni, V. (2009). Molecular descriptors for chemoinformatics, (Weinheim: Wiley VCH) pg 27-37" id="descriptors_catalog_2" name="GATS2c," publication_ref="" units="Unitless,"/>
<descriptor description="Atom type electrotopological state. Hall, L. H., and Kier, L. B. (1995). Electrotopological state indices for atom types: A novel combination of electronic, topological, and valence state information. J Chem Inf Comput Sci 35, 1039-1045; Liu, R., Sun, H., and So, S. S. (2001). Development of quantitative structure-property relationship models for early ADME evaluation in drug discovery. 2. Blood-brain barrier penetration. J Chem Inf Comput Sci 41, 1623-1632.; Gramatica, P., Corradi, M., and Consonni, V. (2000). Modelling and prediction of soil sorption coefficients of non-ionic organic pesticides by molecular descriptors. Chemosphere 41, 763-777." id="descriptors_catalog_3" name="LipoaffinityIndex," publication_ref="" units="Unitless,"/>
<descriptor description="Average Broto-Moreau autocorrelation - lag 1 / weighted by polarizabilities. Todeschini, R. and Consonni, V. (2009). Molecular descriptors for chemoinformatics, (Weinheim: Wiley VCH) pg 27-37" id="descriptors_catalog_4" name="AATS1p," publication_ref="" units="Unitless,"/>
<descriptor description="Centered Broto-Moreau autocorrelation - lag 1 / weighted by first ionization potential. Todeschini, R. and Consonni, V. (2009). Molecular descriptors for chemoinformatics, (Weinheim: Wiley VCH) pg 27-37" id="descriptors_catalog_5" name="ATSC1i," publication_ref="" units="Unitless,"/>
<descriptor description="Composite index Eta relative to molecular size. Roy K &amp; Ghosh G, QSTR with Extended Topochemical Atom Indices. 2. Fish Toxicity of Substituted Benzenes. J. Chem. Inf. Comput. Sci., 44, 2004, 559-567. http://dx.doi.org/10.1021/ci0342066;  Roy K, Das R N, On some novel extended topochemical atom (ETA) parameters for effective encoding of chemical information and modeling of fundamental physicochemical properties. SAR QSAR Environ Res 22, 2011, 451-472, http://dx.doi.org/10.1080/1062936X.2011.569900" id="descriptors_catalog_6" name="ETA_EtaP," publication_ref="" units="Unitless,"/>
<descriptor description="Combined dipolarity/polarizability. Molecular linear free energy relation. Platts JA, Butina D, Abraham MH, Hersey A. Estimation of molecular free energy relation descriptors using a group contribution approach. J Chem Inf Comput Sci. 1999;39(5):835-45." id="descriptors_catalog_8" name="MLFER_S," publication_ref="" units="Unitless,"/>
<descriptor description="Number of nitrogen atoms." id="descriptors_catalog_9" name="nN," publication_ref="" units="Unitless,"/>
<descriptor description="A measure of electronic features of the molecule. Roy K &amp; Ghosh G, QSTR with Extended Topochemical Atom Indices. 2. Fish Toxicity of Substituted Benzenes. J. Chem. Inf. Comput. Sci., 44, 2004, 559-567. http://dx.doi.org/10.1021/ci0342066;  Roy K, Das R N, On some novel extended topochemical atom (ETA) parameters for effective encoding of chemical information and modeling of fundamental physicochemical properties. SAR QSAR Environ Res 22, 2011, 451-472, http://dx.doi.org/10.1080/1062936X.2011.569900" id="descriptors_catalog_10" name="ETA_Beta," publication_ref="" units="Unitless,"/>
</descriptors_catalog>
<endpoints_catalog>
<endpoint group="QMRF 1. Physical Chemical Properties" id="endpoints_catalog_2" name="QMRF 1. 6. Octanol-water partition coefficient (Kow)"/>
</endpoints_catalog>
<publications_catalog>
<publication id="publications_catalog_2" title="An automated curation procedure for addressing chemical errors and inconsistencies in public datasets used in QSAR modeling. 2016. Kamel Mansouri, Chris M. Grulke, Ann M. Richard, Richard S. Judson and Antony J. Williams. SAR &amp; QSAR in Environ. Res; Vol. 27 , Iss. 11,2016. doi: 10.1080/1062936X.2016.1253611." url=""/>
<publication id="publications_catalog_3" title="OPERA: A free and open source QSAR tool for physicochemical properties and environmental fate predictions. Kamel Mansouri, Chris Grulke, Richard Judson, Antony Williams, Journal of Cheminformatics (2017)" url=""/>
<publication id="publications_catalog_4" title="PaDEL-descriptor: an open source software to calculate molecular descriptors and fingerprints. Chun Wei Yap. (2011).  J. Comput. Chem., 32: 1466–1474. doi:10.1002/jcc.21707" url="http://onlinelibrary.wiley.com/doi/10.1002/jcc.21707/abstract"/>
<publication id="publications_catalog_5" title="A KNIME workflow for chemical structures curation and standardization in QSAR modeling. Kamel Mansouri, Sherif Farag, Jayaram Kancherla, Regina Politi, Eugene Muratov, Denis Fourches, Nikolai Nikolov, Eva Bay Wedebay, Christopher Grulke, Ann Richard, Richard Judson, Alexander Tropsha. (in preparation)" url=""/>
<publication id="publications_catalog_11" title="Rogers KS, Cammarata A (1969) A molecular orbital description of the partitioning of aromatic compounds between polar and nonpolar phases. Biochim Biophys Acta 193, 22–29." url=""/>
<publication id="publications_catalog_13" title="Vladimir P, Testa B and van de Waterbeemd H (1996) Lipophilicity in Drug Action and Toxicology. Weinheim: VCH" url=""/>
<publication id="publications_catalog_14" title="Van de Waterbeemd H (2002) Physicochemical properties, in Medicinal Chemistry: Principles and Practice, 2nd edn (ed. F.D. King), RSC, London." url=""/>
<publication id="publications_catalog_15" title="Manners CN, Payling DW and Smith DA (1988) Xenobiotica: The Fate of Foreign Compounds in Biological Systems 18, 331–350." url=""/>
<publication id="publications_catalog_16" title="Bodor N, Buchwald P (1997) Molecular size based approach to estimate partition properties for organic solutes. J Phys Chem B 101, 3404–3412" url=""/>
<publication id="publications_catalog_17" title="Mannhold R, Poda G I, Ostermann C and Tetko IV (2009) Calculation of molecular lipophilicity: State-of-the-art and comparison of log P methods on more than 96,000 compounds. J. Pharm. Sci. 98, 861–893" url="doi: 10.1002/jps.21494"/>
<publication id="publications_catalog_18" title="Dunn WJ, Wold S (1978) Acta Chem. Scand. (B) , B 32,536-542" url=""/>
<publication id="publications_catalog_19" title="Schuurmann G (1990) Quant. Strut.-Act. Relat. 9, 326-333" url=""/>
<publication id="publications_catalog_20" title="Kamlet M, Doherty RM, Abraham MH, Taft RW(1988) Quant. Strut.-Act. Relat. 7, 71-78" url=""/>
<publication id="publications_catalog_21" title="Fujita T, Iwasa J and Hansch C (1964) Journal of the American Chemical Society, 86, 5175–5180" url=""/>
<publication id="publications_catalog_22" title="Holmes HL, Lough CE (1976) Effect of Intramolecular Hydrogen bonding on Partition Coefficients. Suffield Technical Note No. DRES-TN-365" url=""/>
<publication id="publications_catalog_23" title="Roy K, Das RN (2011) On some novel extended topochemical atom (ETA) parameters for effective encoding of chemical information and modeling of fundamental physicochemical properties. SAR QSAR Environ Res 22, 451-472" url="http://dx.doi.org/10.1080/1062936X.2011.569900"/>
<publication id="publications_catalog_24" title="The influence of data curation on QSAR Modeling – examining issues of quality versus quantity of data (SOT). Williams, A., K. Mansouri, A. Richard, AND C. Grulke. Presented at Society of Toxicology, New Orleans, LA, March 13 - 17, 2016." url="https://cfpub.epa.gov/si/si_public_record_report.cfm?dirEntryId=311418"/>
<publication id="publications_catalog_25" title="An Online Prediction Platform to Support the Environmental Sciences (American Chemical Society). Richard, A., C. Grulke, K. Mansouri, R. Judson, AND A. Williams. Presented at ACS Spring Meeting, San Diego, CA, March 13 - 17, 2016." url="https://cfpub.epa.gov/si/si_public_record_Report.cfm?dirEntryId=311655"/>
<publication id="publications_catalog_26" title="The importance of data curation on QSAR Modeling: PHYSPROP open data as a case study. Kamel Mansouri, Christopher Grulke Ann Richard Richard Judson Antony Williams. Presented at QSAR2016 14 June 2016, Miami, FL" url="http://www.qsar2016.com/program"/>
<publication id="publications_catalog_27" title="Mansouri K. (2017) OPERA: A QSAR tool for physicochemical properties and environmental fate predictions. doi: 10.6084/m9.figshare.4836428" url="https://figshare.com/articles/OPERA_A_QSAR_tool_for_physicochemical_properties_and_environmental_fate_predictions/4836428"/>
</publications_catalog>
<authors_catalog>
<author affiliation="ORISE research fellow at National Center for Computational Toxicology (NCCT), U.S. Environmental Protection Agency," contact="" email="mansourikamel@gmail.com" id="firstauthor" name="Kamel Mansouri," number="" url=""/>
<author affiliation="ORISE research fellow at National Center for Computational Toxicology (NCCT), U.S. Environmental Protection Agency," contact="" email="mansourikamel@gmail.com" id="modelauthor" name="Kamel Mansouri," number="" url=""/>
<author affiliation="National Center for Computational Toxicology (NCCT), U.S. Environmental Protection Agency," contact="" email="Williams.Antony@epa.gov" id="authors_catalog_3" name="Antony Williams," number="" url=""/>
</authors_catalog>
</Catalogs>
</QMRF>
